{
  "Update Booking" : {
    "transaction" : "Update Booking",
    "sampleCount" : 400,
    "errorCount" : 0,
    "errorPct" : 0.0,
    "meanResTime" : 1111.7700000000002,
    "medianResTime" : 995.0,
    "minResTime" : 247.0,
    "maxResTime" : 2424.0,
    "pct1ResTime" : 2287.6000000000004,
    "pct2ResTime" : 2371.0,
    "pct3ResTime" : 2418.98,
    "throughput" : 7.818761117300963,
    "receivedKBytesPerSec" : 3.184007212807131,
    "sentKBytesPerSec" : 3.565782657987842
  },
  "Delete Booking" : {
    "transaction" : "Delete Booking",
    "sampleCount" : 400,
    "errorCount" : 0,
    "errorPct" : 0.0,
    "meanResTime" : 1000.4449999999995,
    "medianResTime" : 946.0,
    "minResTime" : 248.0,
    "maxResTime" : 2416.0,
    "pct1ResTime" : 1803.9,
    "pct2ResTime" : 2343.2499999999995,
    "pct3ResTime" : 2411.96,
    "throughput" : 7.844367743959836,
    "receivedKBytesPerSec" : 1.8998078129902731,
    "sentKBytesPerSec" : 2.0989812127392535
  },
  "Debug Sampler" : {
    "transaction" : "Debug Sampler",
    "sampleCount" : 400,
    "errorCount" : 0,
    "errorPct" : 0.0,
    "meanResTime" : 0.23999999999999974,
    "medianResTime" : 0.0,
    "minResTime" : 0.0,
    "maxResTime" : 18.0,
    "pct1ResTime" : 1.0,
    "pct2ResTime" : 1.0,
    "pct3ResTime" : 1.0,
    "throughput" : 8.111122376558857,
    "receivedKBytesPerSec" : 2.6581748073608438,
    "sentKBytesPerSec" : 0.0
  },
  "Total" : {
    "transaction" : "Total",
    "sampleCount" : 2400,
    "errorCount" : 0,
    "errorPct" : 0.0,
    "meanResTime" : 9982.900833333328,
    "medianResTime" : 986.0,
    "minResTime" : 0.0,
    "maxResTime" : 64453.0,
    "pct1ResTime" : 43801.8,
    "pct2ResTime" : 44406.75,
    "pct3ResTime" : 64264.99,
    "throughput" : 24.644199371572917,
    "receivedKBytesPerSec" : 8.525934329626436,
    "sentKBytesPerSec" : 6.333527149692975
  },
  "Create Booking" : {
    "transaction" : "Create Booking",
    "sampleCount" : 400,
    "errorCount" : 0,
    "errorPct" : 0.0,
    "meanResTime" : 48395.547499999964,
    "medianResTime" : 43940.5,
    "minResTime" : 43074.0,
    "maxResTime" : 64453.0,
    "pct1ResTime" : 64180.8,
    "pct2ResTime" : 64288.9,
    "pct3ResTime" : 64386.93,
    "throughput" : 5.413232647206096,
    "receivedKBytesPerSec" : 2.320712043089332,
    "sentKBytesPerSec" : 2.241416642983774
  },
  "Token" : {
    "transaction" : "Token",
    "sampleCount" : 400,
    "errorCount" : 0,
    "errorPct" : 0.0,
    "meanResTime" : 312.12750000000034,
    "medianResTime" : 288.0,
    "minResTime" : 243.0,
    "maxResTime" : 514.0,
    "pct1ResTime" : 424.0,
    "pct2ResTime" : 474.84999999999997,
    "pct3ResTime" : 511.99,
    "throughput" : 7.822889775483063,
    "receivedKBytesPerSec" : 2.0703155558163187,
    "sentKBytesPerSec" : 1.9633619846671362
  },
  "Get Booking" : {
    "transaction" : "Get Booking",
    "sampleCount" : 400,
    "errorCount" : 0,
    "errorPct" : 0.0,
    "meanResTime" : 9077.275000000001,
    "medianResTime" : 1858.5,
    "minResTime" : 1168.0,
    "maxResTime" : 22540.0,
    "pct1ResTime" : 22237.8,
    "pct2ResTime" : 22328.85,
    "pct3ResTime" : 22513.9,
    "throughput" : 7.675038854884203,
    "receivedKBytesPerSec" : 3.1104893796649846,
    "sentKBytesPerSec" : 1.1767393556804882
  }
}