{
  "Update Booking" : {
    "transaction" : "Update Booking",
    "sampleCount" : 200,
    "errorCount" : 0,
    "errorPct" : 0.0,
    "meanResTime" : 301.60999999999984,
    "medianResTime" : 265.5,
    "minResTime" : 245.0,
    "maxResTime" : 1042.0,
    "pct1ResTime" : 386.6,
    "pct2ResTime" : 403.9,
    "pct3ResTime" : 1040.92,
    "throughput" : 20.742584526031944,
    "receivedKBytesPerSec" : 8.44693139390168,
    "sentKBytesPerSec" : 9.459752903961833
  },
  "Delete Booking" : {
    "transaction" : "Delete Booking",
    "sampleCount" : 200,
    "errorCount" : 0,
    "errorPct" : 0.0,
    "meanResTime" : 309.9850000000002,
    "medianResTime" : 264.5,
    "minResTime" : 244.0,
    "maxResTime" : 1106.0,
    "pct1ResTime" : 395.9,
    "pct2ResTime" : 415.0,
    "pct3ResTime" : 1052.8200000000002,
    "throughput" : 21.088148460565165,
    "receivedKBytesPerSec" : 5.107285955293126,
    "sentKBytesPerSec" : 5.642727224799662
  },
  "Debug Sampler" : {
    "transaction" : "Debug Sampler",
    "sampleCount" : 200,
    "errorCount" : 0,
    "errorPct" : 0.0,
    "meanResTime" : 0.18000000000000013,
    "medianResTime" : 0.0,
    "minResTime" : 0.0,
    "maxResTime" : 4.0,
    "pct1ResTime" : 1.0,
    "pct2ResTime" : 1.0,
    "pct3ResTime" : 1.0,
    "throughput" : 21.772262138036144,
    "receivedKBytesPerSec" : 7.128608582353581,
    "sentKBytesPerSec" : 0.0
  },
  "Total" : {
    "transaction" : "Total",
    "sampleCount" : 1200,
    "errorCount" : 0,
    "errorPct" : 0.0,
    "meanResTime" : 7528.10916666667,
    "medianResTime" : 269.0,
    "minResTime" : 0.0,
    "maxResTime" : 23061.0,
    "pct1ResTime" : 22104.0,
    "pct2ResTime" : 22195.8,
    "pct3ResTime" : 22899.510000000002,
    "throughput" : 21.746615682934344,
    "receivedKBytesPerSec" : 7.522385847257208,
    "sentKBytesPerSec" : 5.58885191460829
  },
  "Create Booking" : {
    "transaction" : "Create Booking",
    "sampleCount" : 200,
    "errorCount" : 0,
    "errorPct" : 0.0,
    "meanResTime" : 22131.505000000005,
    "medianResTime" : 22053.0,
    "minResTime" : 21988.0,
    "maxResTime" : 22949.0,
    "pct1ResTime" : 22480.3,
    "pct2ResTime" : 22702.9,
    "pct3ResTime" : 22905.98,
    "throughput" : 6.171696599395174,
    "receivedKBytesPerSec" : 2.645873835092267,
    "sentKBytesPerSec" : 2.5554681231870644
  },
  "Token" : {
    "transaction" : "Token",
    "sampleCount" : 200,
    "errorCount" : 0,
    "errorPct" : 0.0,
    "meanResTime" : 268.78000000000003,
    "medianResTime" : 252.0,
    "minResTime" : 242.0,
    "maxResTime" : 1055.0,
    "pct1ResTime" : 269.0,
    "pct2ResTime" : 315.79999999999995,
    "pct3ResTime" : 712.9000000000001,
    "throughput" : 20.688941760628943,
    "receivedKBytesPerSec" : 5.475296110478949,
    "sentKBytesPerSec" : 5.19243948484535
  },
  "Get Booking" : {
    "transaction" : "Get Booking",
    "sampleCount" : 200,
    "errorCount" : 0,
    "errorPct" : 0.0,
    "meanResTime" : 22156.595,
    "medianResTime" : 22080.5,
    "minResTime" : 21978.0,
    "maxResTime" : 23061.0,
    "pct1ResTime" : 22503.5,
    "pct2ResTime" : 22757.2,
    "pct3ResTime" : 23054.85,
    "throughput" : 6.3605139295255055,
    "receivedKBytesPerSec" : 2.5777473444854344,
    "sentKBytesPerSec" : 0.9751959833354535
  }
}