{
  "Update Booking" : {
    "transaction" : "Update Booking",
    "sampleCount" : 300,
    "errorCount" : 0,
    "errorPct" : 0.0,
    "meanResTime" : 314.27333333333354,
    "medianResTime" : 284.0,
    "minResTime" : 246.0,
    "maxResTime" : 719.0,
    "pct1ResTime" : 421.50000000000017,
    "pct2ResTime" : 524.8499999999999,
    "pct3ResTime" : 584.8400000000001,
    "throughput" : 35.0140056022409,
    "receivedKBytesPerSec" : 14.258633140756302,
    "sentKBytesPerSec" : 15.968301383053221
  },
  "Delete Booking" : {
    "transaction" : "Delete Booking",
    "sampleCount" : 300,
    "errorCount" : 0,
    "errorPct" : 0.0,
    "meanResTime" : 315.6766666666668,
    "medianResTime" : 285.5,
    "minResTime" : 245.0,
    "maxResTime" : 770.0,
    "pct1ResTime" : 461.00000000000034,
    "pct2ResTime" : 530.75,
    "pct3ResTime" : 577.9200000000001,
    "throughput" : 35.108250438853126,
    "receivedKBytesPerSec" : 8.502779403159742,
    "sentKBytesPerSec" : 9.394199824458747
  },
  "Debug Sampler" : {
    "transaction" : "Debug Sampler",
    "sampleCount" : 300,
    "errorCount" : 0,
    "errorPct" : 0.0,
    "meanResTime" : 0.24333333333333326,
    "medianResTime" : 0.0,
    "minResTime" : 0.0,
    "maxResTime" : 8.0,
    "pct1ResTime" : 1.0,
    "pct2ResTime" : 1.0,
    "pct3ResTime" : 4.990000000000009,
    "throughput" : 37.81671498802471,
    "receivedKBytesPerSec" : 12.390759919009202,
    "sentKBytesPerSec" : 0.0
  },
  "Total" : {
    "transaction" : "Total",
    "sampleCount" : 1800,
    "errorCount" : 0,
    "errorPct" : 0.0,
    "meanResTime" : 529.2977777777783,
    "medianResTime" : 288.5,
    "minResTime" : 0.0,
    "maxResTime" : 2655.0,
    "pct1ResTime" : 1125.0,
    "pct2ResTime" : 1198.8999999999996,
    "pct3ResTime" : 1911.6800000000003,
    "throughput" : 145.00926448078627,
    "receivedKBytesPerSec" : 50.16595190022557,
    "sentKBytesPerSec" : 37.267192157415614
  },
  "Create Booking" : {
    "transaction" : "Create Booking",
    "sampleCount" : 300,
    "errorCount" : 0,
    "errorPct" : 0.0,
    "meanResTime" : 1189.3733333333337,
    "medianResTime" : 1072.5,
    "minResTime" : 982.0,
    "maxResTime" : 2655.0,
    "pct1ResTime" : 1583.4,
    "pct2ResTime" : 2040.6499999999994,
    "pct3ResTime" : 2166.83,
    "throughput" : 28.339316077838657,
    "receivedKBytesPerSec" : 12.149374763839033,
    "sentKBytesPerSec" : 11.734248063480068
  },
  "Token" : {
    "transaction" : "Token",
    "sampleCount" : 300,
    "errorCount" : 0,
    "errorPct" : 0.0,
    "meanResTime" : 261.07666666666654,
    "medianResTime" : 257.0,
    "minResTime" : 243.0,
    "maxResTime" : 312.0,
    "pct1ResTime" : 282.90000000000003,
    "pct2ResTime" : 295.0,
    "pct3ResTime" : 308.99,
    "throughput" : 35.034450543033984,
    "receivedKBytesPerSec" : 9.27181259488497,
    "sentKBytesPerSec" : 8.792825966366927
  },
  "Get Booking" : {
    "transaction" : "Get Booking",
    "sampleCount" : 300,
    "errorCount" : 0,
    "errorPct" : 0.0,
    "meanResTime" : 1095.1433333333337,
    "medianResTime" : 1066.0,
    "minResTime" : 989.0,
    "maxResTime" : 1614.0,
    "pct1ResTime" : 1184.7,
    "pct2ResTime" : 1238.9,
    "pct3ResTime" : 1603.98,
    "throughput" : 32.11991434689507,
    "receivedKBytesPerSec" : 13.017348099571734,
    "sentKBytesPerSec" : 4.924635305139186
  }
}