{
  "Update Booking" : {
    "transaction" : "Update Booking",
    "sampleCount" : 500,
    "errorCount" : 0,
    "errorPct" : 0.0,
    "meanResTime" : 979.7319999999987,
    "medianResTime" : 998.0,
    "minResTime" : 246.0,
    "maxResTime" : 2163.0,
    "pct1ResTime" : 1797.8000000000002,
    "pct2ResTime" : 2094.95,
    "pct3ResTime" : 2144.9300000000003,
    "throughput" : 7.135314096526529,
    "receivedKBytesPerSec" : 2.905689431886292,
    "sentKBytesPerSec" : 3.254093440505751
  },
  "Delete Booking" : {
    "transaction" : "Delete Booking",
    "sampleCount" : 500,
    "errorCount" : 0,
    "errorPct" : 0.0,
    "meanResTime" : 828.1560000000004,
    "medianResTime" : 922.0,
    "minResTime" : 244.0,
    "maxResTime" : 2086.0,
    "pct1ResTime" : 1299.9,
    "pct2ResTime" : 1540.95,
    "pct3ResTime" : 1560.0,
    "throughput" : 7.219069895034724,
    "receivedKBytesPerSec" : 1.7483684902037222,
    "sentKBytesPerSec" : 1.9316651867573382
  },
  "Debug Sampler" : {
    "transaction" : "Debug Sampler",
    "sampleCount" : 500,
    "errorCount" : 0,
    "errorPct" : 0.0,
    "meanResTime" : 0.6039999999999992,
    "medianResTime" : 0.0,
    "minResTime" : 0.0,
    "maxResTime" : 47.0,
    "pct1ResTime" : 1.0,
    "pct2ResTime" : 1.0,
    "pct3ResTime" : 40.70000000000027,
    "throughput" : 7.413228164336442,
    "receivedKBytesPerSec" : 2.429989589047697,
    "sentKBytesPerSec" : 0.0
  },
  "Total" : {
    "transaction" : "Total",
    "sampleCount" : 3000,
    "errorCount" : 0,
    "errorPct" : 0.0,
    "meanResTime" : 4809.194333333339,
    "medianResTime" : 929.0,
    "minResTime" : 0.0,
    "maxResTime" : 43644.0,
    "pct1ResTime" : 22671.8,
    "pct2ResTime" : 43088.95,
    "pct3ResTime" : 43240.0,
    "throughput" : 40.40512875767698,
    "receivedKBytesPerSec" : 13.979082875127949,
    "sentKBytesPerSec" : 10.384065479878245
  },
  "Create Booking" : {
    "transaction" : "Create Booking",
    "sampleCount" : 500,
    "errorCount" : 0,
    "errorPct" : 0.0,
    "meanResTime" : 13922.34,
    "medianResTime" : 2062.0,
    "minResTime" : 1008.0,
    "maxResTime" : 43644.0,
    "pct1ResTime" : 43166.0,
    "pct2ResTime" : 43226.85,
    "pct3ResTime" : 43578.93,
    "throughput" : 9.417259954043772,
    "receivedKBytesPerSec" : 4.037282343579312,
    "sentKBytesPerSec" : 3.899334199721249
  },
  "Token" : {
    "transaction" : "Token",
    "sampleCount" : 500,
    "errorCount" : 0,
    "errorPct" : 0.0,
    "meanResTime" : 309.09000000000015,
    "medianResTime" : 300.5,
    "minResTime" : 242.0,
    "maxResTime" : 536.0,
    "pct1ResTime" : 361.90000000000003,
    "pct2ResTime" : 381.0,
    "pct3ResTime" : 521.98,
    "throughput" : 7.141020880345054,
    "receivedKBytesPerSec" : 1.889860018138193,
    "sentKBytesPerSec" : 1.7922288732897256
  },
  "Get Booking" : {
    "transaction" : "Get Booking",
    "sampleCount" : 500,
    "errorCount" : 0,
    "errorPct" : 0.0,
    "meanResTime" : 12815.244000000013,
    "medianResTime" : 1924.0,
    "minResTime" : 1001.0,
    "maxResTime" : 43273.0,
    "pct1ResTime" : 43088.0,
    "pct2ResTime" : 43152.6,
    "pct3ResTime" : 43245.99,
    "throughput" : 7.062944965532829,
    "receivedKBytesPerSec" : 2.8624239850548086,
    "sentKBytesPerSec" : 1.082892929285795
  }
}