{
  "Update Booking" : {
    "transaction" : "Update Booking",
    "sampleCount" : 150,
    "errorCount" : 0,
    "errorPct" : 0.0,
    "meanResTime" : 275.8999999999998,
    "medianResTime" : 258.0,
    "minResTime" : 245.0,
    "maxResTime" : 754.0,
    "pct1ResTime" : 346.9,
    "pct2ResTime" : 361.79999999999995,
    "pct3ResTime" : 590.8000000000029,
    "throughput" : 7.146260123868509,
    "receivedKBytesPerSec" : 2.910146944973797,
    "sentKBytesPerSec" : 3.2590854275845644
  },
  "Delete Booking" : {
    "transaction" : "Delete Booking",
    "sampleCount" : 150,
    "errorCount" : 0,
    "errorPct" : 0.0,
    "meanResTime" : 279.68,
    "medianResTime" : 258.0,
    "minResTime" : 245.0,
    "maxResTime" : 698.0,
    "pct1ResTime" : 329.0,
    "pct2ResTime" : 389.34999999999997,
    "pct3ResTime" : 555.2000000000025,
    "throughput" : 7.154099298898268,
    "receivedKBytesPerSec" : 1.7326334239519245,
    "sentKBytesPerSec" : 1.9142804764630135
  },
  "Debug Sampler" : {
    "transaction" : "Debug Sampler",
    "sampleCount" : 150,
    "errorCount" : 0,
    "errorPct" : 0.0,
    "meanResTime" : 0.3000000000000001,
    "medianResTime" : 0.0,
    "minResTime" : 0.0,
    "maxResTime" : 8.0,
    "pct1ResTime" : 1.0,
    "pct2ResTime" : 1.0,
    "pct3ResTime" : 5.960000000000036,
    "throughput" : 7.274490785645004,
    "receivedKBytesPerSec" : 2.3805960535887487,
    "sentKBytesPerSec" : 0.0
  },
  "Total" : {
    "transaction" : "Total",
    "sampleCount" : 900,
    "errorCount" : 0,
    "errorPct" : 0.0,
    "meanResTime" : 7000.195555555556,
    "medianResTime" : 259.0,
    "minResTime" : 0.0,
    "maxResTime" : 24017.0,
    "pct1ResTime" : 22095.6,
    "pct2ResTime" : 22199.8,
    "pct3ResTime" : 23770.66,
    "throughput" : 17.017736262905117,
    "receivedKBytesPerSec" : 5.886149867167114,
    "sentKBytesPerSec" : 4.373536061055856
  },
  "Create Booking" : {
    "transaction" : "Create Booking",
    "sampleCount" : 150,
    "errorCount" : 0,
    "errorPct" : 0.0,
    "meanResTime" : 22331.786666666678,
    "medianResTime" : 22072.5,
    "minResTime" : 22014.0,
    "maxResTime" : 24017.0,
    "pct1ResTime" : 23434.7,
    "pct2ResTime" : 23874.85,
    "pct3ResTime" : 24013.94,
    "throughput" : 4.647704034207101,
    "receivedKBytesPerSec" : 1.9925215537274585,
    "sentKBytesPerSec" : 1.924439951663878
  },
  "Token" : {
    "transaction" : "Token",
    "sampleCount" : 150,
    "errorCount" : 0,
    "errorPct" : 0.0,
    "meanResTime" : 251.09333333333336,
    "medianResTime" : 251.0,
    "minResTime" : 242.0,
    "maxResTime" : 279.0,
    "pct1ResTime" : 259.9,
    "pct2ResTime" : 264.0,
    "pct3ResTime" : 274.4100000000001,
    "throughput" : 7.144217946275481,
    "receivedKBytesPerSec" : 1.890706116641265,
    "sentKBytesPerSec" : 1.79303126190703
  },
  "Get Booking" : {
    "transaction" : "Get Booking",
    "sampleCount" : 150,
    "errorCount" : 0,
    "errorPct" : 0.0,
    "meanResTime" : 18862.413333333338,
    "medianResTime" : 22046.0,
    "minResTime" : 979.0,
    "maxResTime" : 23064.0,
    "pct1ResTime" : 22186.3,
    "pct2ResTime" : 22211.45,
    "pct3ResTime" : 23064.0,
    "throughput" : 5.324813631522897,
    "receivedKBytesPerSec" : 2.1580055244941425,
    "sentKBytesPerSec" : 0.8164020899893504
  }
}