{
  "Update Booking" : {
    "transaction" : "Update Booking",
    "sampleCount" : 500,
    "errorCount" : 200,
    "errorPct" : 40.0,
    "meanResTime" : 34324.86599999999,
    "medianResTime" : 1643.0,
    "minResTime" : 255.0,
    "maxResTime" : 84283.0,
    "pct1ResTime" : 84216.8,
    "pct2ResTime" : 84231.75,
    "pct3ResTime" : 84267.91,
    "throughput" : 1.4594279042615295,
    "receivedKBytesPerSec" : 2.0184001933741973,
    "sentKBytesPerSec" : 0.399347362084063
  },
  "Delete Booking" : {
    "transaction" : "Delete Booking",
    "sampleCount" : 500,
    "errorCount" : 200,
    "errorPct" : 40.0,
    "meanResTime" : 34176.682,
    "medianResTime" : 1256.0,
    "minResTime" : 248.0,
    "maxResTime" : 84480.0,
    "pct1ResTime" : 84222.0,
    "pct2ResTime" : 84234.0,
    "pct3ResTime" : 84293.79,
    "throughput" : 1.1749169333728104,
    "receivedKBytesPerSec" : 1.5085749843736047,
    "sentKBytesPerSec" : 0.18862924203758794
  },
  "Debug Sampler" : {
    "transaction" : "Debug Sampler",
    "sampleCount" : 500,
    "errorCount" : 0,
    "errorPct" : 0.0,
    "meanResTime" : 0.33200000000000013,
    "medianResTime" : 0.0,
    "minResTime" : 0.0,
    "maxResTime" : 82.0,
    "pct1ResTime" : 1.0,
    "pct2ResTime" : 1.0,
    "pct3ResTime" : 2.0,
    "throughput" : 1.179050628433985,
    "receivedKBytesPerSec" : 0.38113272130780296,
    "sentKBytesPerSec" : 0.0
  },
  "Total" : {
    "transaction" : "Total",
    "sampleCount" : 3000,
    "errorCount" : 916,
    "errorPct" : 30.533333,
    "meanResTime" : 27647.726999999995,
    "medianResTime" : 1566.5,
    "minResTime" : 0.0,
    "maxResTime" : 84480.0,
    "pct1ResTime" : 84209.0,
    "pct2ResTime" : 84226.0,
    "pct3ResTime" : 84273.0,
    "throughput" : 6.966440334760679,
    "receivedKBytesPerSec" : 7.7318462184420245,
    "sentKBytesPerSec" : 1.1549868247197168
  },
  "Create Booking" : {
    "transaction" : "Create Booking",
    "sampleCount" : 500,
    "errorCount" : 116,
    "errorPct" : 23.2,
    "meanResTime" : 23805.525999999994,
    "medianResTime" : 2161.5,
    "minResTime" : 1016.0,
    "maxResTime" : 84359.0,
    "pct1ResTime" : 84208.0,
    "pct2ResTime" : 84231.0,
    "pct3ResTime" : 84300.95,
    "throughput" : 5.328275024243652,
    "receivedKBytesPerSec" : 5.273285560907512,
    "sentKBytesPerSec" : 1.6943914577094812
  },
  "Token" : {
    "transaction" : "Token",
    "sampleCount" : 500,
    "errorCount" : 200,
    "errorPct" : 40.0,
    "meanResTime" : 33861.427999999985,
    "medianResTime" : 359.5,
    "minResTime" : 243.0,
    "maxResTime" : 84289.0,
    "pct1ResTime" : 84205.9,
    "pct2ResTime" : 84218.0,
    "pct3ResTime" : 84245.0,
    "throughput" : 1.932994672666682,
    "receivedKBytesPerSec" : 2.507985080180619,
    "sentKBytesPerSec" : 0.291081814966018
  },
  "Get Booking" : {
    "transaction" : "Get Booking",
    "sampleCount" : 500,
    "errorCount" : 200,
    "errorPct" : 40.0,
    "meanResTime" : 39717.528,
    "medianResTime" : 22653.5,
    "minResTime" : 1078.0,
    "maxResTime" : 84367.0,
    "pct1ResTime" : 84216.0,
    "pct2ResTime" : 84232.0,
    "pct3ResTime" : 84356.98,
    "throughput" : 2.8427504178843117,
    "receivedKBytesPerSec" : 3.928214688775684,
    "sentKBytesPerSec" : 0.2615108294577169
  }
}